zcta,ZIP_CODE,pop_2020
ZCTA5 73949,73949,1162
ZCTA5 73960,73960,35
ZCTA5 75001,75001,16528
ZCTA5 75002,75002,69939
ZCTA5 75006,75006,47811
ZCTA5 75007,75007,53960
ZCTA5 75009,75009,21276
ZCTA5 75010,75010,33186
ZCTA5 75013,75013,48360
ZCTA5 75019,75019,44897
ZCTA5 75020,75020,23782
ZCTA5 75021,75021,8288
ZCTA5 75022,75022,26781
ZCTA5 75023,75023,46777
ZCTA5 75024,75024,45469
ZCTA5 75025,75025,53161
ZCTA5 75028,75028,46830
ZCTA5 75032,75032,34590
ZCTA5 75033,75033,45347
ZCTA5 75034,75034,47734
ZCTA5 75035,75035,82596
ZCTA5 75036,75036,35148
ZCTA5 75038,75038,32928
ZCTA5 75039,75039,24569
ZCTA5 75040,75040,64035
ZCTA5 75041,75041,32219
ZCTA5 75042,75042,39148
ZCTA5 75043,75043,63973
ZCTA5 75044,75044,46094
ZCTA5 75048,75048,27818
ZCTA5 75050,75050,43531
ZCTA5 75051,75051,40243
ZCTA5 75052,75052,96225
ZCTA5 75054,75054,15646
ZCTA5 75056,75056,67570
ZCTA5 75057,75057,16001
ZCTA5 75058,75058,3799
ZCTA5 75060,75060,47955
ZCTA5 75061,75061,55828
ZCTA5 75062,75062,50466
ZCTA5 75063,75063,46598
ZCTA5 75065,75065,12770
ZCTA5 75067,75067,68734
ZCTA5 75068,75068,66248
ZCTA5 75069,75069,39084
ZCTA5 75070,75070,57712
ZCTA5 75071,75071,64449
ZCTA5 75072,75072,55538
ZCTA5 75074,75074,53003
ZCTA5 75075,75075,36600
ZCTA5 75076,75076,8057
ZCTA5 75077,75077,38073
ZCTA5 75078,75078,38980
ZCTA5 75080,75080,53633
ZCTA5 75081,75081,37766
ZCTA5 75082,75082,28063
ZCTA5 75087,75087,40460
ZCTA5 75088,75088,26899
ZCTA5 75089,75089,34608
ZCTA5 75090,75090,25002
ZCTA5 75092,75092,27186
ZCTA5 75093,75093,48081
ZCTA5 75094,75094,23864
ZCTA5 75098,75098,67212
ZCTA5 75101,75101,633
ZCTA5 75102,75102,1501
ZCTA5 75103,75103,15162
ZCTA5 75104,75104,49749
ZCTA5 75105,75105,307
ZCTA5 75109,75109,4766
ZCTA5 75110,75110,30336
ZCTA5 75114,75114,6347
ZCTA5 75115,75115,56164
ZCTA5 75116,75116,20656
ZCTA5 75117,75117,4170
ZCTA5 75119,75119,28973
ZCTA5 75124,75124,5093
ZCTA5 75125,75125,7545
ZCTA5 75126,75126,64573
ZCTA5 75127,75127,1644
ZCTA5 75132,75132,135
ZCTA5 75134,75134,20194
ZCTA5 75135,75135,8065
ZCTA5 75137,75137,20023
ZCTA5 75140,75140,7538
ZCTA5 75141,75141,5173
ZCTA5 75142,75142,21952
ZCTA5 75143,75143,15349
ZCTA5 75144,75144,3462
ZCTA5 75146,75146,23837
ZCTA5 75147,75147,7781
ZCTA5 75148,75148,5796
ZCTA5 75149,75149,60317
ZCTA5 75150,75150,64654
ZCTA5 75152,75152,5820
ZCTA5 75153,75153,536
ZCTA5 75154,75154,45894
ZCTA5 75155,75155,3485
ZCTA5 75156,75156,15708
ZCTA5 75157,75157,258
ZCTA5 75158,75158,5214
ZCTA5 75159,75159,22127
ZCTA5 75160,75160,26632
ZCTA5 75161,75161,7552
ZCTA5 75163,75163,2317
ZCTA5 75164,75164,335
ZCTA5 75165,75165,49805
ZCTA5 75166,75166,5457
ZCTA5 75167,75167,12455
ZCTA5 75169,75169,17017
ZCTA5 75172,75172,5519
ZCTA5 75173,75173,7733
ZCTA5 75180,75180,26860
ZCTA5 75181,75181,27027
ZCTA5 75182,75182,7806
ZCTA5 75189,75189,37777
ZCTA5 75201,75201,17740
ZCTA5 75202,75202,2529
ZCTA5 75203,75203,14710
ZCTA5 75204,75204,34012
ZCTA5 75205,75205,26299
ZCTA5 75206,75206,40386
ZCTA5 75207,75207,7116
ZCTA5 75208,75208,29446
ZCTA5 75209,75209,14740
ZCTA5 75210,75210,8736
ZCTA5 75211,75211,70695
ZCTA5 75212,75212,27329
ZCTA5 75214,75214,35664
ZCTA5 75215,75215,18806
ZCTA5 75216,75216,55759
ZCTA5 75217,75217,85330
ZCTA5 75218,75218,23136
ZCTA5 75219,75219,27885
ZCTA5 75220,75220,39627
ZCTA5 75223,75223,13898
ZCTA5 75224,75224,33766
ZCTA5 75225,75225,22635
ZCTA5 75226,75226,4535
ZCTA5 75227,75227,59103
ZCTA5 75228,75228,68219
ZCTA5 75229,75229,33168
ZCTA5 75230,75230,27810
ZCTA5 75231,75231,40754
ZCTA5 75232,75232,30061
ZCTA5 75233,75233,15104
ZCTA5 75234,75234,33216
ZCTA5 75235,75235,19153
ZCTA5 75236,75236,18385
ZCTA5 75237,75237,19057
ZCTA5 75238,75238,32801
ZCTA5 75240,75240,25839
ZCTA5 75241,75241,32944
ZCTA5 75243,75243,62273
ZCTA5 75244,75244,12576
ZCTA5 75246,75246,2458
ZCTA5 75247,75247,830
ZCTA5 75248,75248,38210
ZCTA5 75249,75249,15291
ZCTA5 75251,75251,3840
ZCTA5 75252,75252,27458
ZCTA5 75253,75253,25867
ZCTA5 75254,75254,24664
ZCTA5 75261,75261,1
ZCTA5 75270,75270,0
ZCTA5 75287,75287,53181
ZCTA5 75390,75390,0
ZCTA5 75401,75401,19550
ZCTA5 75402,75402,18983
ZCTA5 75407,75407,25738
ZCTA5 75409,75409,21292
ZCTA5 75410,75410,5073
ZCTA5 75411,75411,1279
ZCTA5 75412,75412,604
ZCTA5 75413,75413,179
ZCTA5 75414,75414,3507
ZCTA5 75415,75415,212
ZCTA5 75416,75416,2848
ZCTA5 75417,75417,2361
ZCTA5 75418,75418,14775
ZCTA5 75420,75420,1206
ZCTA5 75421,75421,988
ZCTA5 75422,75422,2902
ZCTA5 75423,75423,3089
ZCTA5 75424,75424,4517
ZCTA5 75426,75426,4717
ZCTA5 75428,75428,11192
ZCTA5 75429,75429,9
ZCTA5 75431,75431,2101
ZCTA5 75432,75432,3361
ZCTA5 75433,75433,2815
ZCTA5 75434,75434,81
ZCTA5 75435,75435,994
ZCTA5 75436,75436,2130
ZCTA5 75437,75437,1199
ZCTA5 75438,75438,963
ZCTA5 75439,75439,923
ZCTA5 75440,75440,6894
ZCTA5 75441,75441,113
ZCTA5 75442,75442,11241
ZCTA5 75446,75446,3355
ZCTA5 75447,75447,1161
ZCTA5 75448,75448,679
ZCTA5 75449,75449,1116
ZCTA5 75450,75450,293
ZCTA5 75451,75451,1256
ZCTA5 75452,75452,4802
ZCTA5 75453,75453,3737
ZCTA5 75454,75454,16252
ZCTA5 75455,75455,27305
ZCTA5 75457,75457,5991
ZCTA5 75459,75459,5556
ZCTA5 75460,75460,22925
ZCTA5 75462,75462,12016
ZCTA5 75468,75468,928
ZCTA5 75469,75469,394
ZCTA5 75470,75470,229
ZCTA5 75471,75471,1243
ZCTA5 75472,75472,3849
ZCTA5 75473,75473,3660
ZCTA5 75474,75474,16010
ZCTA5 75475,75475,150
ZCTA5 75476,75476,1214
ZCTA5 75477,75477,854
ZCTA5 75478,75478,1006
ZCTA5 75479,75479,1861
ZCTA5 75480,75480,1582
ZCTA5 75481,75481,389
ZCTA5 75482,75482,25743
ZCTA5 75486,75486,2698
ZCTA5 75487,75487,1511
ZCTA5 75488,75488,1144
ZCTA5 75489,75489,1028
ZCTA5 75490,75490,2809
ZCTA5 75491,75491,5148
ZCTA5 75492,75492,562
ZCTA5 75493,75493,497
ZCTA5 75494,75494,11827
ZCTA5 75495,75495,9061
ZCTA5 75496,75496,3438
ZCTA5 75497,75497,3679
ZCTA5 75501,75501,36423
ZCTA5 75503,75503,25547
ZCTA5 75550,75550,602
ZCTA5 75551,75551,10372
ZCTA5 75554,75554,1530
ZCTA5 75555,75555,1719
ZCTA5 75556,75556,1131
ZCTA5 75558,75558,1518
ZCTA5 75559,75559,5472
ZCTA5 75560,75560,920
ZCTA5 75561,75561,4875
ZCTA5 75562,75562,116
ZCTA5 75563,75563,3794
ZCTA5 75564,75564,9
ZCTA5 75565,75565,106
ZCTA5 75566,75566,676
ZCTA5 75567,75567,3770
ZCTA5 75568,75568,2939
ZCTA5 75569,75569,3338
ZCTA5 75570,75570,11315
ZCTA5 75571,75571,2607
ZCTA5 75572,75572,3387
ZCTA5 75573,75573,275
ZCTA5 75574,75574,1695
ZCTA5 75601,75601,15813
ZCTA5 75602,75602,22041
ZCTA5 75603,75603,5784
ZCTA5 75604,75604,30752
ZCTA5 75605,75605,32909
ZCTA5 75630,75630,2650
ZCTA5 75631,75631,2461
ZCTA5 75633,75633,13558
ZCTA5 75638,75638,5434
ZCTA5 75639,75639,2716
ZCTA5 75640,75640,5438
ZCTA5 75641,75641,139
ZCTA5 75642,75642,194
ZCTA5 75643,75643,2046
ZCTA5 75644,75644,11720
ZCTA5 75645,75645,10724
ZCTA5 75647,75647,13485
ZCTA5 75650,75650,10139
ZCTA5 75651,75651,2075
ZCTA5 75652,75652,15956
ZCTA5 75654,75654,12045
ZCTA5 75656,75656,4558
ZCTA5 75657,75657,7923
ZCTA5 75658,75658,210
ZCTA5 75659,75659,59
ZCTA5 75661,75661,2381
ZCTA5 75662,75662,25002
ZCTA5 75667,75667,1227
ZCTA5 75668,75668,1672
ZCTA5 75669,75669,589
ZCTA5 75670,75670,16935
ZCTA5 75671,75671,0
ZCTA5 75672,75672,17285
ZCTA5 75680,75680,14
ZCTA5 75681,75681,2674
ZCTA5 75682,75682,563
ZCTA5 75683,75683,3773
ZCTA5 75684,75684,6744
ZCTA5 75686,75686,13293
ZCTA5 75687,75687,7
ZCTA5 75689,75689,212
ZCTA5 75691,75691,4025
ZCTA5 75692,75692,5098
ZCTA5 75693,75693,6512
ZCTA5 75694,75694,0
ZCTA5 75701,75701,34502
ZCTA5 75702,75702,26777
ZCTA5 75703,75703,44428
ZCTA5 75704,75704,10075
ZCTA5 75705,75705,2141
ZCTA5 75706,75706,10313
ZCTA5 75707,75707,16620
ZCTA5 75708,75708,8294
ZCTA5 75709,75709,6037
ZCTA5 75711,75711,135
ZCTA5 75750,75750,3777
ZCTA5 75751,75751,17100
ZCTA5 75752,75752,7439
ZCTA5 75754,75754,6632
ZCTA5 75755,75755,5250
ZCTA5 75756,75756,4458
ZCTA5 75757,75757,13330
ZCTA5 75758,75758,9890
ZCTA5 75759,75759,122
ZCTA5 75760,75760,2583
ZCTA5 75762,75762,13923
ZCTA5 75763,75763,5663
ZCTA5 75764,75764,178
ZCTA5 75765,75765,7728
ZCTA5 75766,75766,25382
ZCTA5 75770,75770,2893
ZCTA5 75771,75771,21870
ZCTA5 75773,75773,13559
ZCTA5 75778,75778,3467
ZCTA5 75779,75779,80
ZCTA5 75780,75780,481
ZCTA5 75782,75782,85
ZCTA5 75783,75783,7763
ZCTA5 75784,75784,542
ZCTA5 75785,75785,10687
ZCTA5 75788,75788,99
ZCTA5 75789,75789,8045
ZCTA5 75790,75790,4359
ZCTA5 75791,75791,14255
ZCTA5 75792,75792,3595
ZCTA5 75801,75801,16859
ZCTA5 75803,75803,22290
ZCTA5 75831,75831,4865
ZCTA5 75833,75833,3259
ZCTA5 75835,75835,11342
ZCTA5 75838,75838,525
ZCTA5 75839,75839,5282
ZCTA5 75840,75840,7029
ZCTA5 75844,75844,5144
ZCTA5 75845,75845,2784
ZCTA5 75846,75846,2327
ZCTA5 75847,75847,1547
ZCTA5 75848,75848,88
ZCTA5 75849,75849,95
ZCTA5 75850,75850,596
ZCTA5 75851,75851,4869
ZCTA5 75852,75852,3621
ZCTA5 75853,75853,970
ZCTA5 75855,75855,2242
ZCTA5 75856,75856,195
ZCTA5 75858,75858,100
ZCTA5 75859,75859,2212
ZCTA5 75860,75860,6623
ZCTA5 75861,75861,1410
ZCTA5 75862,75862,9364
ZCTA5 75865,75865,22
ZCTA5 75884,75884,4156
ZCTA5 75886,75886,2959
ZCTA5 75901,75901,28373
ZCTA5 75903,75903,133
ZCTA5 75904,75904,34680
ZCTA5 75925,75925,3635
ZCTA5 75926,75926,1066
ZCTA5 75928,75928,1181
ZCTA5 75929,75929,1415
ZCTA5 75930,75930,1954
ZCTA5 75931,75931,2446
ZCTA5 75932,75932,1331
ZCTA5 75933,75933,1290
ZCTA5 75934,75934,71
ZCTA5 75935,75935,13060
ZCTA5 75936,75936,848
ZCTA5 75937,75937,1081
ZCTA5 75938,75938,2432
ZCTA5 75939,75939,3716
ZCTA5 75941,75941,8622
ZCTA5 75942,75942,125
ZCTA5 75943,75943,1300
ZCTA5 75944,75944,1138
ZCTA5 75946,75946,3452
ZCTA5 75948,75948,5582
ZCTA5 75949,75949,8052
ZCTA5 75951,75951,14370
ZCTA5 75954,75954,3233
ZCTA5 75956,75956,7435
ZCTA5 75959,75959,821
ZCTA5 75960,75960,816
ZCTA5 75961,75961,15656
ZCTA5 75962,75962,2712
ZCTA5 75964,75964,19986
ZCTA5 75965,75965,17652
ZCTA5 75966,75966,4209
ZCTA5 75968,75968,1819
ZCTA5 75969,75969,4301
ZCTA5 75972,75972,5899
ZCTA5 75973,75973,2290
ZCTA5 75974,75974,2860
ZCTA5 75975,75975,3373
ZCTA5 75976,75976,1047
ZCTA5 75977,75977,570
ZCTA5 75979,75979,10354
ZCTA5 75980,75980,2453
ZCTA5 76001,76001,34102
ZCTA5 76002,76002,35021
ZCTA5 76005,76005,4412
ZCTA5 76006,76006,25320
ZCTA5 76008,76008,21844
ZCTA5 76009,76009,23376
ZCTA5 76010,76010,55894
ZCTA5 76011,76011,23158
ZCTA5 76012,76012,27080
ZCTA5 76013,76013,36535
ZCTA5 76014,76014,35954
ZCTA5 76015,76015,17185
ZCTA5 76016,76016,31091
ZCTA5 76017,76017,45745
ZCTA5 76018,76018,27784
ZCTA5 76020,76020,33469
ZCTA5 76021,76021,35265
ZCTA5 76022,76022,14692
ZCTA5 76023,76023,6825
ZCTA5 76028,76028,74023
ZCTA5 76031,76031,18398
ZCTA5 76033,76033,27243
ZCTA5 76034,76034,25988
ZCTA5 76035,76035,2649
ZCTA5 76036,76036,31589
ZCTA5 76039,76039,39997
ZCTA5 76040,76040,31899
ZCTA5 76041,76041,395
ZCTA5 76043,76043,7060
ZCTA5 76044,76044,5715
ZCTA5 76048,76048,25764
ZCTA5 76049,76049,30784
ZCTA5 76050,76050,7315
ZCTA5 76051,76051,49969
ZCTA5 76052,76052,26675
ZCTA5 76053,76053,31935
ZCTA5 76054,76054,12120
ZCTA5 76055,76055,3076
ZCTA5 76058,76058,20940
ZCTA5 76059,76059,4928
ZCTA5 76060,76060,8653
ZCTA5 76061,76061,192
ZCTA5 76063,76063,76914
ZCTA5 76064,76064,1929
ZCTA5 76065,76065,42827
ZCTA5 76066,76066,3816
ZCTA5 76067,76067,20473
ZCTA5 76070,76070,601
ZCTA5 76071,76071,4220
ZCTA5 76073,76073,6579
ZCTA5 76077,76077,555
ZCTA5 76078,76078,9979
ZCTA5 76082,76082,21514
ZCTA5 76084,76084,11979
ZCTA5 76085,76085,12249
ZCTA5 76086,76086,21429
ZCTA5 76087,76087,33346
ZCTA5 76088,76088,13794
ZCTA5 76092,76092,31924
ZCTA5 76093,76093,2271
ZCTA5 76102,76102,13236
ZCTA5 76103,76103,15394
ZCTA5 76104,76104,21571
ZCTA5 76105,76105,23445
ZCTA5 76106,76106,36521
ZCTA5 76107,76107,31591
ZCTA5 76108,76108,46170
ZCTA5 76109,76109,25373
ZCTA5 76110,76110,29858
ZCTA5 76111,76111,22512
ZCTA5 76112,76112,43132
ZCTA5 76114,76114,26676
ZCTA5 76115,76115,20956
ZCTA5 76116,76116,51639
ZCTA5 76117,76117,33398
ZCTA5 76118,76118,16537
ZCTA5 76119,76119,50850
ZCTA5 76120,76120,19240
ZCTA5 76123,76123,37981
ZCTA5 76126,76126,25444
ZCTA5 76127,76127,2214
ZCTA5 76129,76129,2579
ZCTA5 76131,76131,48515
ZCTA5 76132,76132,26249
ZCTA5 76133,76133,51811
ZCTA5 76134,76134,27362
ZCTA5 76135,76135,22009
ZCTA5 76137,76137,60555
ZCTA5 76140,76140,32623
ZCTA5 76148,76148,23587
ZCTA5 76155,76155,5647
ZCTA5 76164,76164,15602
ZCTA5 76177,76177,23001
ZCTA5 76179,76179,68333
ZCTA5 76180,76180,37087
ZCTA5 76182,76182,31117
ZCTA5 76201,76201,27610
ZCTA5 76203,76203,224
ZCTA5 76205,76205,18969
ZCTA5 76207,76207,16097
ZCTA5 76208,76208,27084
ZCTA5 76209,76209,28088
ZCTA5 76210,76210,46211
ZCTA5 76225,76225,3789
ZCTA5 76226,76226,37214
ZCTA5 76227,76227,47118
ZCTA5 76228,76228,1001
ZCTA5 76230,76230,9992
ZCTA5 76233,76233,3719
ZCTA5 76234,76234,18755
ZCTA5 76238,76238,447
ZCTA5 76239,76239,1022
ZCTA5 76240,76240,28349
ZCTA5 76241,76241,5
ZCTA5 76244,76244,77154
ZCTA5 76245,76245,1954
ZCTA5 76247,76247,17178
ZCTA5 76248,76248,40894
ZCTA5 76249,76249,9411
ZCTA5 76250,76250,945
ZCTA5 76251,76251,719
ZCTA5 76252,76252,2851
ZCTA5 76253,76253,191
ZCTA5 76255,76255,5448
ZCTA5 76258,76258,7409
ZCTA5 76259,76259,6321
ZCTA5 76261,76261,242
ZCTA5 76262,76262,42592
ZCTA5 76263,76263,48
ZCTA5 76264,76264,1497
ZCTA5 76265,76265,1585
ZCTA5 76266,76266,16779
ZCTA5 76267,76267,147
ZCTA5 76268,76268,220
ZCTA5 76270,76270,2217
ZCTA5 76271,76271,1879
ZCTA5 76272,76272,5494
ZCTA5 76273,76273,9857
ZCTA5 76301,76301,15320
ZCTA5 76302,76302,12400
ZCTA5 76305,76305,5151
ZCTA5 76306,76306,14664
ZCTA5 76308,76308,20305
ZCTA5 76309,76309,13053
ZCTA5 76310,76310,20204
ZCTA5 76311,76311,6349
ZCTA5 76351,76351,1817
ZCTA5 76354,76354,11496
ZCTA5 76357,76357,685
ZCTA5 76360,76360,2886
ZCTA5 76363,76363,231
ZCTA5 76364,76364,181
ZCTA5 76365,76365,4775
ZCTA5 76366,76366,2023
ZCTA5 76367,76367,13457
ZCTA5 76370,76370,238
ZCTA5 76371,76371,1513
ZCTA5 76372,76372,869
ZCTA5 76373,76373,161
ZCTA5 76374,76374,3883
ZCTA5 76377,76377,592
ZCTA5 76379,76379,519
ZCTA5 76380,76380,3522
ZCTA5 76384,76384,12374
ZCTA5 76388,76388,200
ZCTA5 76389,76389,1213
ZCTA5 76401,76401,30144
ZCTA5 76402,76402,980
ZCTA5 76424,76424,8417
ZCTA5 76426,76426,11727
ZCTA5 76427,76427,643
ZCTA5 76429,76429,207
ZCTA5 76430,76430,2317
ZCTA5 76431,76431,3517
ZCTA5 76432,76432,1261
ZCTA5 76433,76433,1998
ZCTA5 76435,76435,691
ZCTA5 76436,76436,272
ZCTA5 76437,76437,5770
ZCTA5 76439,76439,28
ZCTA5 76442,76442,7573
ZCTA5 76443,76443,1685
ZCTA5 76444,76444,3676
ZCTA5 76445,76445,323
ZCTA5 76446,76446,8534
ZCTA5 76448,76448,5417
ZCTA5 76449,76449,2542
ZCTA5 76450,76450,13026
ZCTA5 76452,76452,111
ZCTA5 76453,76453,1177
ZCTA5 76454,76454,1492
ZCTA5 76455,76455,804
ZCTA5 76457,76457,3770
ZCTA5 76458,76458,6042
ZCTA5 76459,76459,184
ZCTA5 76460,76460,394
ZCTA5 76462,76462,3820
ZCTA5 76463,76463,499
ZCTA5 76464,76464,505
ZCTA5 76466,76466,156
ZCTA5 76469,76469,88
ZCTA5 76470,76470,3072
ZCTA5 76471,76471,1712
ZCTA5 76472,76472,1432
ZCTA5 76474,76474,237
ZCTA5 76475,76475,877
ZCTA5 76476,76476,3056
ZCTA5 76481,76481,196
ZCTA5 76483,76483,963
ZCTA5 76484,76484,1020
ZCTA5 76486,76486,1273
ZCTA5 76487,76487,3238
ZCTA5 76490,76490,99
ZCTA5 76491,76491,387
ZCTA5 76501,76501,16987
ZCTA5 76502,76502,47297
ZCTA5 76504,76504,24682
ZCTA5 76511,76511,2451
ZCTA5 76513,76513,43698
ZCTA5 76518,76518,1220
ZCTA5 76519,76519,560
ZCTA5 76520,76520,8068
ZCTA5 76522,76522,41123
ZCTA5 76523,76523,181
ZCTA5 76524,76524,2700
ZCTA5 76525,76525,1021
ZCTA5 76527,76527,4688
ZCTA5 76528,76528,18773
ZCTA5 76530,76530,2654
ZCTA5 76531,76531,4695
ZCTA5 76534,76534,2659
ZCTA5 76537,76537,10943
ZCTA5 76538,76538,952
ZCTA5 76539,76539,8960
ZCTA5 76541,76541,19641
ZCTA5 76542,76542,53312
ZCTA5 76543,76543,30545
ZCTA5 76544,76544,28404
ZCTA5 76548,76548,32714
ZCTA5 76549,76549,56199
ZCTA5 76550,76550,12840
ZCTA5 76554,76554,2139
ZCTA5 76556,76556,1503
ZCTA5 76557,76557,5318
ZCTA5 76559,76559,6354
ZCTA5 76561,76561,1062
ZCTA5 76565,76565,73
ZCTA5 76566,76566,355
ZCTA5 76567,76567,9163
ZCTA5 76569,76569,2661
ZCTA5 76570,76570,2376
ZCTA5 76571,76571,8937
ZCTA5 76573,76573,26
ZCTA5 76574,76574,19366
ZCTA5 76577,76577,3262
ZCTA5 76578,76578,1817
ZCTA5 76579,76579,5120
ZCTA5 76596,76596,1159
ZCTA5 76597,76597,3233
ZCTA5 76598,76598,440
ZCTA5 76599,76599,1367
ZCTA5 76621,76621,996
ZCTA5 76622,76622,1148
ZCTA5 76623,76623,208
ZCTA5 76624,76624,2487
ZCTA5 76626,76626,1662
ZCTA5 76627,76627,1687
ZCTA5 76628,76628,87
ZCTA5 76629,76629,1980
ZCTA5 76630,76630,1878
ZCTA5 76631,76631,394
ZCTA5 76632,76632,1544
ZCTA5 76633,76633,5665
ZCTA5 76634,76634,7313
ZCTA5 76635,76635,1138
ZCTA5 76636,76636,1502
ZCTA5 76637,76637,485
ZCTA5 76638,76638,3130
ZCTA5 76639,76639,1621
ZCTA5 76640,76640,3063
ZCTA5 76641,76641,1761
ZCTA5 76642,76642,6641
ZCTA5 76643,76643,16044
ZCTA5 76645,76645,11274
ZCTA5 76648,76648,2520
ZCTA5 76649,76649,762
ZCTA5 76650,76650,46
ZCTA5 76651,76651,3373
ZCTA5 76652,76652,1078
ZCTA5 76653,76653,1145
ZCTA5 76654,76654,132
ZCTA5 76655,76655,10227
ZCTA5 76656,76656,2229
ZCTA5 76657,76657,11444
ZCTA5 76660,76660,484
ZCTA5 76661,76661,7982
ZCTA5 76664,76664,3269
ZCTA5 76665,76665,2390
ZCTA5 76666,76666,305
ZCTA5 76667,76667,10801
ZCTA5 76670,76670,1512
ZCTA5 76671,76671,1988
ZCTA5 76673,76673,1176
ZCTA5 76676,76676,315
ZCTA5 76678,76678,111
ZCTA5 76679,76679,1442
ZCTA5 76680,76680,284
ZCTA5 76681,76681,520
ZCTA5 76682,76682,2798
ZCTA5 76685,76685,91
ZCTA5 76686,76686,242
ZCTA5 76687,76687,1500
ZCTA5 76689,76689,3991
ZCTA5 76690,76690,1473
ZCTA5 76691,76691,6588
ZCTA5 76692,76692,10562
ZCTA5 76693,76693,1866
ZCTA5 76701,76701,1674
ZCTA5 76704,76704,7220
ZCTA5 76705,76705,31736
ZCTA5 76706,76706,39303
ZCTA5 76707,76707,16227
ZCTA5 76708,76708,28499
ZCTA5 76710,76710,24874
ZCTA5 76711,76711,9806
ZCTA5 76712,76712,27800
ZCTA5 76798,76798,2473
ZCTA5 76801,76801,25401
ZCTA5 76802,76802,5503
ZCTA5 76820,76820,104
ZCTA5 76821,76821,4618
ZCTA5 76823,76823,2784
ZCTA5 76824,76824,6
ZCTA5 76825,76825,6592
ZCTA5 76827,76827,390
ZCTA5 76828,76828,175
ZCTA5 76831,76831,31
ZCTA5 76832,76832,551
ZCTA5 76834,76834,4991
ZCTA5 76836,76836,54
ZCTA5 76837,76837,2313
ZCTA5 76841,76841,73
ZCTA5 76842,76842,218
ZCTA5 76844,76844,3334
ZCTA5 76845,76845,183
ZCTA5 76848,76848,68
ZCTA5 76849,76849,3482
ZCTA5 76852,76852,215
ZCTA5 76853,76853,1543
ZCTA5 76854,76854,377
ZCTA5 76856,76856,3574
ZCTA5 76857,76857,1829
ZCTA5 76858,76858,213
ZCTA5 76859,76859,1905
ZCTA5 76861,76861,2116
ZCTA5 76862,76862,230
ZCTA5 76864,76864,707
ZCTA5 76865,76865,123
ZCTA5 76866,76866,627
ZCTA5 76869,76869,52
ZCTA5 76870,76870,59
ZCTA5 76871,76871,648
ZCTA5 76872,76872,602
ZCTA5 76873,76873,65
ZCTA5 76874,76874,55
ZCTA5 76875,76875,604
ZCTA5 76877,76877,4374
ZCTA5 76878,76878,1492
ZCTA5 76880,76880,16
ZCTA5 76882,76882,309
ZCTA5 76884,76884,117
ZCTA5 76885,76885,133
ZCTA5 76887,76887,118
ZCTA5 76888,76888,117
ZCTA5 76890,76890,878
ZCTA5 76901,76901,31084
ZCTA5 76902,76902,5
ZCTA5 76903,76903,32215
ZCTA5 76904,76904,36736
ZCTA5 76905,76905,13635
ZCTA5 76908,76908,1515
ZCTA5 76909,76909,195
ZCTA5 76930,76930,115
ZCTA5 76932,76932,3379
ZCTA5 76933,76933,1319
ZCTA5 76934,76934,1336
ZCTA5 76935,76935,1714
ZCTA5 76936,76936,2357
ZCTA5 76937,76937,122
ZCTA5 76939,76939,28
ZCTA5 76940,76940,128
ZCTA5 76941,76941,1273
ZCTA5 76943,76943,3027
ZCTA5 76945,76945,1745
ZCTA5 76950,76950,3379
ZCTA5 76951,76951,1372
ZCTA5 76953,76953,51
ZCTA5 76955,76955,137
ZCTA5 76957,76957,68
ZCTA5 76958,76958,301
ZCTA5 77002,77002,19844
ZCTA5 77003,77003,11874
ZCTA5 77004,77004,37005
ZCTA5 77005,77005,28241
ZCTA5 77006,77006,24129
ZCTA5 77007,77007,42908
ZCTA5 77008,77008,36631
ZCTA5 77009,77009,36425
ZCTA5 77010,77010,883
ZCTA5 77011,77011,16841
ZCTA5 77012,77012,18397
ZCTA5 77013,77013,16815
ZCTA5 77014,77014,35161
ZCTA5 77015,77015,57106
ZCTA5 77016,77016,29966
ZCTA5 77017,77017,31659
ZCTA5 77018,77018,27870
ZCTA5 77019,77019,24136
ZCTA5 77020,77020,24846
ZCTA5 77021,77021,28055
ZCTA5 77022,77022,28748
ZCTA5 77023,77023,26780
ZCTA5 77024,77024,39565
ZCTA5 77025,77025,28510
ZCTA5 77026,77026,23405
ZCTA5 77027,77027,18987
ZCTA5 77028,77028,18701
ZCTA5 77029,77029,17044
ZCTA5 77030,77030,13221
ZCTA5 77031,77031,15678
ZCTA5 77032,77032,13497
ZCTA5 77033,77033,28369
ZCTA5 77034,77034,38186
ZCTA5 77035,77035,37417
ZCTA5 77036,77036,75870
ZCTA5 77037,77037,19569
ZCTA5 77038,77038,30483
ZCTA5 77039,77039,28740
ZCTA5 77040,77040,49524
ZCTA5 77041,77041,35958
ZCTA5 77042,77042,41177
ZCTA5 77043,77043,26281
ZCTA5 77044,77044,55665
ZCTA5 77045,77045,32411
ZCTA5 77046,77046,1742
ZCTA5 77047,77047,32088
ZCTA5 77048,77048,20536
ZCTA5 77049,77049,38788
ZCTA5 77050,77050,5004
ZCTA5 77051,77051,18323
ZCTA5 77053,77053,30350
ZCTA5 77054,77054,24419
ZCTA5 77055,77055,42766
ZCTA5 77056,77056,24115
ZCTA5 77057,77057,43669
ZCTA5 77058,77058,19442
ZCTA5 77059,77059,18568
ZCTA5 77060,77060,42707
ZCTA5 77061,77061,23398
ZCTA5 77062,77062,25095
ZCTA5 77063,77063,38298
ZCTA5 77064,77064,48243
ZCTA5 77065,77065,37144
ZCTA5 77066,77066,34443
ZCTA5 77067,77067,31729
ZCTA5 77068,77068,11764
ZCTA5 77069,77069,19299
ZCTA5 77070,77070,52943
ZCTA5 77071,77071,26949
ZCTA5 77072,77072,56271
ZCTA5 77073,77073,46071
ZCTA5 77074,77074,40199
ZCTA5 77075,77075,38873
ZCTA5 77076,77076,32349
ZCTA5 77077,77077,61302
ZCTA5 77078,77078,14855
ZCTA5 77079,77079,36404
ZCTA5 77080,77080,45428
ZCTA5 77081,77081,48293
ZCTA5 77082,77082,57493
ZCTA5 77083,77083,73763
ZCTA5 77084,77084,109808
ZCTA5 77085,77085,17785
ZCTA5 77086,77086,29366
ZCTA5 77087,77087,34654
ZCTA5 77088,77088,54320
ZCTA5 77089,77089,56994
ZCTA5 77090,77090,42285
ZCTA5 77091,77091,28020
ZCTA5 77092,77092,34903
ZCTA5 77093,77093,47736
ZCTA5 77094,77094,11150
ZCTA5 77095,77095,71206
ZCTA5 77096,77096,34510
ZCTA5 77098,77098,15717
ZCTA5 77099,77099,49849
ZCTA5 77204,77204,4280
ZCTA5 77301,77301,35923
ZCTA5 77302,77302,19384
ZCTA5 77303,77303,20974
ZCTA5 77304,77304,35969
ZCTA5 77306,77306,15127
ZCTA5 77316,77316,30598
ZCTA5 77318,77318,17518
ZCTA5 77320,77320,37325
ZCTA5 77326,77326,137
ZCTA5 77327,77327,32269
ZCTA5 77328,77328,17071
ZCTA5 77331,77331,6953
ZCTA5 77334,77334,139
ZCTA5 77335,77335,1937
ZCTA5 77336,77336,14881
ZCTA5 77338,77338,45031
ZCTA5 77339,77339,43076
ZCTA5 77340,77340,35020
ZCTA5 77341,77341,0
ZCTA5 77342,77342,23
ZCTA5 77345,77345,27258
ZCTA5 77346,77346,71119
ZCTA5 77350,77350,264
ZCTA5 77351,77351,37353
ZCTA5 77354,77354,40625
ZCTA5 77355,77355,29300
ZCTA5 77356,77356,32136
ZCTA5 77357,77357,30339
ZCTA5 77358,77358,4817
ZCTA5 77359,77359,679
ZCTA5 77360,77360,5603
ZCTA5 77362,77362,7007
ZCTA5 77363,77363,3820
ZCTA5 77364,77364,2312
ZCTA5 77365,77365,42086
ZCTA5 77367,77367,287
ZCTA5 77368,77368,30
ZCTA5 77369,77369,736
ZCTA5 77371,77371,7870
ZCTA5 77372,77372,13306
ZCTA5 77373,77373,63413
ZCTA5 77374,77374,407
ZCTA5 77375,77375,65365
ZCTA5 77376,77376,468
ZCTA5 77377,77377,39711
ZCTA5 77378,77378,17417
ZCTA5 77379,77379,84704
ZCTA5 77380,77380,27651
ZCTA5 77381,77381,35191
ZCTA5 77382,77382,37755
ZCTA5 77384,77384,23952
ZCTA5 77385,77385,27801
ZCTA5 77386,77386,66058
ZCTA5 77388,77388,51483
ZCTA5 77389,77389,41534
ZCTA5 77396,77396,61058
ZCTA5 77401,77401,17219
ZCTA5 77406,77406,58703
ZCTA5 77407,77407,74657
ZCTA5 77412,77412,57
ZCTA5 77414,77414,23416
ZCTA5 77415,77415,82
ZCTA5 77417,77417,2154
ZCTA5 77418,77418,10037
ZCTA5 77419,77419,1332
ZCTA5 77420,77420,2296
ZCTA5 77422,77422,13731
ZCTA5 77423,77423,16152
ZCTA5 77426,77426,2053
ZCTA5 77428,77428,84
ZCTA5 77429,77429,94176
ZCTA5 77430,77430,2224
ZCTA5 77431,77431,84
ZCTA5 77432,77432,138
ZCTA5 77433,77433,106663
ZCTA5 77434,77434,4411
ZCTA5 77435,77435,4795
ZCTA5 77436,77436,131
ZCTA5 77437,77437,17832
ZCTA5 77440,77440,60
ZCTA5 77441,77441,23111
ZCTA5 77442,77442,1151
ZCTA5 77443,77443,151
ZCTA5 77444,77444,1057
ZCTA5 77445,77445,14160
ZCTA5 77446,77446,6236
ZCTA5 77447,77447,20805
ZCTA5 77448,77448,459
ZCTA5 77449,77449,128180
ZCTA5 77450,77450,72977
ZCTA5 77451,77451,495
ZCTA5 77453,77453,243
ZCTA5 77454,77454,192
ZCTA5 77455,77455,1751
ZCTA5 77456,77456,1191
ZCTA5 77457,77457,426
ZCTA5 77458,77458,397
ZCTA5 77459,77459,79731
ZCTA5 77460,77460,52
ZCTA5 77461,77461,11890
ZCTA5 77464,77464,501
ZCTA5 77465,77465,7137
ZCTA5 77466,77466,627
ZCTA5 77467,77467,25
ZCTA5 77468,77468,20
ZCTA5 77469,77469,57925
ZCTA5 77470,77470,276
ZCTA5 77471,77471,42284
ZCTA5 77473,77473,39
ZCTA5 77474,77474,14164
ZCTA5 77475,77475,718
ZCTA5 77476,77476,601
ZCTA5 77477,77477,35520
ZCTA5 77478,77478,24536
ZCTA5 77479,77479,93180
ZCTA5 77480,77480,7911
ZCTA5 77481,77481,132
ZCTA5 77482,77482,2241
ZCTA5 77483,77483,226
ZCTA5 77484,77484,13449
ZCTA5 77485,77485,3657
ZCTA5 77486,77486,7488
ZCTA5 77488,77488,13861
ZCTA5 77489,77489,37257
ZCTA5 77493,77493,51774
ZCTA5 77494,77494,130872
ZCTA5 77498,77498,51472
ZCTA5 77502,77502,37495
ZCTA5 77503,77503,24956
ZCTA5 77504,77504,25728
ZCTA5 77505,77505,23584
ZCTA5 77506,77506,34431
ZCTA5 77507,77507,770
ZCTA5 77510,77510,14357
ZCTA5 77511,77511,51093
ZCTA5 77514,77514,4926
ZCTA5 77515,77515,32710
ZCTA5 77517,77517,6058
ZCTA5 77518,77518,9689
ZCTA5 77519,77519,882
ZCTA5 77520,77520,38587
ZCTA5 77521,77521,65058
ZCTA5 77523,77523,27638
ZCTA5 77530,77530,35319
ZCTA5 77531,77531,15666
ZCTA5 77532,77532,34679
ZCTA5 77533,77533,980
ZCTA5 77534,77534,2998
ZCTA5 77535,77535,36494
ZCTA5 77536,77536,33693
ZCTA5 77538,77538,809
ZCTA5 77539,77539,48183
ZCTA5 77541,77541,16441
ZCTA5 77545,77545,26563
ZCTA5 77546,77546,54670
ZCTA5 77547,77547,9627
ZCTA5 77550,77550,24247
ZCTA5 77551,77551,22677
ZCTA5 77554,77554,8961
ZCTA5 77555,77555,9
ZCTA5 77560,77560,960
ZCTA5 77561,77561,92
ZCTA5 77562,77562,11861
ZCTA5 77563,77563,9778
ZCTA5 77564,77564,2047
ZCTA5 77565,77565,6966
ZCTA5 77566,77566,30538
ZCTA5 77568,77568,20254
ZCTA5 77571,77571,37018
ZCTA5 77573,77573,95256
ZCTA5 77575,77575,15768
ZCTA5 77577,77577,1250
ZCTA5 77578,77578,25228
ZCTA5 77580,77580,99
ZCTA5 77581,77581,49198
ZCTA5 77582,77582,262
ZCTA5 77583,77583,43113
ZCTA5 77584,77584,93062
ZCTA5 77585,77585,892
ZCTA5 77586,77586,23503
ZCTA5 77587,77587,16179
ZCTA5 77590,77590,30758
ZCTA5 77591,77591,17347
ZCTA5 77597,77597,734
ZCTA5 77598,77598,25620
ZCTA5 77611,77611,9993
ZCTA5 77612,77612,9311
ZCTA5 77613,77613,1293
ZCTA5 77614,77614,468
ZCTA5 77615,77615,314
ZCTA5 77616,77616,656
ZCTA5 77617,77617,125
ZCTA5 77619,77619,17349
ZCTA5 77622,77622,1384
ZCTA5 77623,77623,340
ZCTA5 77624,77624,535
ZCTA5 77625,77625,8599
ZCTA5 77627,77627,23296
ZCTA5 77629,77629,868
ZCTA5 77630,77630,29317
ZCTA5 77632,77632,22487
ZCTA5 77640,77640,16618
ZCTA5 77642,77642,39017
ZCTA5 77650,77650,2304
ZCTA5 77651,77651,13705
ZCTA5 77655,77655,291
ZCTA5 77656,77656,17199
ZCTA5 77657,77657,22161
ZCTA5 77659,77659,4964
ZCTA5 77660,77660,1206
ZCTA5 77661,77661,429
ZCTA5 77662,77662,25462
ZCTA5 77663,77663,1291
ZCTA5 77664,77664,2934
ZCTA5 77665,77665,7080
ZCTA5 77701,77701,13232
ZCTA5 77702,77702,2682
ZCTA5 77703,77703,13357
ZCTA5 77705,77705,37950
ZCTA5 77706,77706,29910
ZCTA5 77707,77707,17509
ZCTA5 77708,77708,12478
ZCTA5 77713,77713,14408
ZCTA5 77801,77801,15097
ZCTA5 77802,77802,25502
ZCTA5 77803,77803,30533
ZCTA5 77807,77807,13140
ZCTA5 77808,77808,15217
ZCTA5 77830,77830,2836
ZCTA5 77831,77831,3517
ZCTA5 77833,77833,29431
ZCTA5 77835,77835,2463
ZCTA5 77836,77836,11721
ZCTA5 77837,77837,1362
ZCTA5 77840,77840,55180
ZCTA5 77843,77843,8701
ZCTA5 77845,77845,70108
ZCTA5 77852,77852,40
ZCTA5 77853,77853,1116
ZCTA5 77855,77855,159
ZCTA5 77856,77856,5170
ZCTA5 77857,77857,985
ZCTA5 77859,77859,7131
ZCTA5 77861,77861,2850
ZCTA5 77863,77863,64
ZCTA5 77864,77864,7243
ZCTA5 77865,77865,1571
ZCTA5 77866,77866,36
ZCTA5 77867,77867,109
ZCTA5 77868,77868,16647
ZCTA5 77871,77871,3677
ZCTA5 77872,77872,1992
ZCTA5 77873,77873,1450
ZCTA5 77875,77875,63
ZCTA5 77876,77876,46
ZCTA5 77878,77878,602
ZCTA5 77879,77879,4994
ZCTA5 77880,77880,1922
ZCTA5 77882,77882,45
ZCTA5 77901,77901,40062
ZCTA5 77904,77904,29646
ZCTA5 77905,77905,15282
ZCTA5 77950,77950,159
ZCTA5 77951,77951,2246
ZCTA5 77954,77954,11458
ZCTA5 77957,77957,8730
ZCTA5 77960,77960,78
ZCTA5 77961,77961,161
ZCTA5 77962,77962,3425
ZCTA5 77963,77963,5184
ZCTA5 77964,77964,8233
ZCTA5 77968,77968,3398
ZCTA5 77969,77969,206
ZCTA5 77970,77970,283
ZCTA5 77971,77971,829
ZCTA5 77973,77973,47
ZCTA5 77974,77974,455
ZCTA5 77975,77975,1753
ZCTA5 77976,77976,68
ZCTA5 77977,77977,667
ZCTA5 77978,77978,621
ZCTA5 77979,77979,16782
ZCTA5 77982,77982,968
ZCTA5 77983,77983,1732
ZCTA5 77984,77984,4490
ZCTA5 77986,77986,27
ZCTA5 77987,77987,161
ZCTA5 77988,77988,353
ZCTA5 77990,77990,661
ZCTA5 77991,77991,428
ZCTA5 77993,77993,166
ZCTA5 77994,77994,309
ZCTA5 77995,77995,9821
ZCTA5 78001,78001,4
ZCTA5 78002,78002,8876
ZCTA5 78003,78003,9595
ZCTA5 78004,78004,518
ZCTA5 78005,78005,823
ZCTA5 78006,78006,40979
ZCTA5 78007,78007,95
ZCTA5 78008,78008,224
ZCTA5 78009,78009,8715
ZCTA5 78010,78010,3357
ZCTA5 78011,78011,1943
ZCTA5 78012,78012,373
ZCTA5 78013,78013,5868
ZCTA5 78014,78014,5078
ZCTA5 78015,78015,20764
ZCTA5 78016,78016,10530
ZCTA5 78017,78017,5912
ZCTA5 78019,78019,1483
ZCTA5 78021,78021,160
ZCTA5 78022,78022,4343
ZCTA5 78023,78023,30295
ZCTA5 78024,78024,1083
ZCTA5 78025,78025,5146
ZCTA5 78026,78026,6181
ZCTA5 78027,78027,478
ZCTA5 78028,78028,40789
ZCTA5 78029,78029,7
ZCTA5 78039,78039,1795
ZCTA5 78040,78040,36688
ZCTA5 78041,78041,48491
ZCTA5 78043,78043,43473
ZCTA5 78044,78044,200
ZCTA5 78045,78045,65354
ZCTA5 78046,78046,71956
ZCTA5 78050,78050,583
ZCTA5 78052,78052,7443
ZCTA5 78055,78055,1574
ZCTA5 78056,78056,2116
ZCTA5 78057,78057,1220
ZCTA5 78058,78058,1304
ZCTA5 78059,78059,5724
ZCTA5 78061,78061,10569
ZCTA5 78062,78062,3
ZCTA5 78063,78063,9302
ZCTA5 78064,78064,15710
ZCTA5 78065,78065,12048
ZCTA5 78066,78066,650
ZCTA5 78067,78067,613
ZCTA5 78069,78069,5803
ZCTA5 78070,78070,20618
ZCTA5 78071,78071,4124
ZCTA5 78072,78072,420
ZCTA5 78073,78073,9550
ZCTA5 78074,78074,101
ZCTA5 78075,78075,103
ZCTA5 78076,78076,13033
ZCTA5 78101,78101,9104
ZCTA5 78102,78102,27289
ZCTA5 78104,78104,47
ZCTA5 78107,78107,309
ZCTA5 78108,78108,44079
ZCTA5 78109,78109,52093
ZCTA5 78111,78111,10
ZCTA5 78112,78112,9591
ZCTA5 78113,78113,2253
ZCTA5 78114,78114,22178
ZCTA5 78116,78116,218
ZCTA5 78117,78117,649
ZCTA5 78118,78118,4899
ZCTA5 78119,78119,7048
ZCTA5 78121,78121,15206
ZCTA5 78122,78122,354
ZCTA5 78123,78123,2291
ZCTA5 78124,78124,6860
ZCTA5 78125,78125,57
ZCTA5 78130,78130,88349
ZCTA5 78132,78132,37475
ZCTA5 78133,78133,20787
ZCTA5 78140,78140,3607
ZCTA5 78141,78141,726
ZCTA5 78142,78142,119
ZCTA5 78143,78143,77
ZCTA5 78144,78144,36
ZCTA5 78145,78145,83
ZCTA5 78146,78146,624
ZCTA5 78147,78147,1825
ZCTA5 78148,78148,21569
ZCTA5 78150,78150,9
ZCTA5 78151,78151,1299
ZCTA5 78152,78152,3022
ZCTA5 78154,78154,41533
ZCTA5 78155,78155,51772
ZCTA5 78159,78159,793
ZCTA5 78160,78160,4528
ZCTA5 78161,78161,699
ZCTA5 78162,78162,301
ZCTA5 78163,78163,13960
ZCTA5 78164,78164,3464
ZCTA5 78201,78201,42005
ZCTA5 78202,78202,11422
ZCTA5 78203,78203,5872
ZCTA5 78204,78204,11298
ZCTA5 78205,78205,2339
ZCTA5 78207,78207,51705
ZCTA5 78208,78208,3874
ZCTA5 78209,78209,42456
ZCTA5 78210,78210,33010
ZCTA5 78211,78211,29976
ZCTA5 78212,78212,26738
ZCTA5 78213,78213,40589
ZCTA5 78214,78214,22664
ZCTA5 78215,78215,3644
ZCTA5 78216,78216,40172
ZCTA5 78217,78217,33562
ZCTA5 78218,78218,36137
ZCTA5 78219,78219,16509
ZCTA5 78220,78220,17749
ZCTA5 78221,78221,39779
ZCTA5 78222,78222,25028
ZCTA5 78223,78223,55705
ZCTA5 78224,78224,21759
ZCTA5 78225,78225,12576
ZCTA5 78226,78226,7140
ZCTA5 78227,78227,46594
ZCTA5 78228,78228,56369
ZCTA5 78229,78229,33135
ZCTA5 78230,78230,42145
ZCTA5 78231,78231,8993
ZCTA5 78232,78232,35397
ZCTA5 78233,78233,49442
ZCTA5 78234,78234,7464
ZCTA5 78235,78235,2307
ZCTA5 78236,78236,9869
ZCTA5 78237,78237,36019
ZCTA5 78238,78238,26014
ZCTA5 78239,78239,31554
ZCTA5 78240,78240,56112
ZCTA5 78242,78242,33294
ZCTA5 78243,78243,235
ZCTA5 78244,78244,35801
ZCTA5 78245,78245,93031
ZCTA5 78247,78247,50876
ZCTA5 78248,78248,13825
ZCTA5 78249,78249,56996
ZCTA5 78250,78250,54933
ZCTA5 78251,78251,58836
ZCTA5 78252,78252,17156
ZCTA5 78253,78253,66589
ZCTA5 78254,78254,72791
ZCTA5 78255,78255,17775
ZCTA5 78256,78256,13643
ZCTA5 78257,78257,12173
ZCTA5 78258,78258,51073
ZCTA5 78259,78259,29842
ZCTA5 78260,78260,37037
ZCTA5 78261,78261,26971
ZCTA5 78263,78263,4995
ZCTA5 78264,78264,14705
ZCTA5 78266,78266,7534
ZCTA5 78330,78330,780
ZCTA5 78332,78332,27152
ZCTA5 78336,78336,12009
ZCTA5 78338,78338,50
ZCTA5 78339,78339,625
ZCTA5 78340,78340,341
ZCTA5 78341,78341,1420
ZCTA5 78342,78342,318
ZCTA5 78343,78343,4405
ZCTA5 78344,78344,278
ZCTA5 78347,78347,19
ZCTA5 78349,78349,325
ZCTA5 78351,78351,578
ZCTA5 78352,78352,254
ZCTA5 78353,78353,377
ZCTA5 78355,78355,6982
ZCTA5 78357,78357,2858
ZCTA5 78358,78358,1137
ZCTA5 78359,78359,1920
ZCTA5 78360,78360,22
ZCTA5 78361,78361,4842
ZCTA5 78362,78362,10238
ZCTA5 78363,78363,29391
ZCTA5 78368,78368,8726
ZCTA5 78369,78369,249
ZCTA5 78370,78370,4746
ZCTA5 78371,78371,281
ZCTA5 78372,78372,5550
ZCTA5 78373,78373,3134
ZCTA5 78374,78374,20281
ZCTA5 78375,78375,3109
ZCTA5 78376,78376,307
ZCTA5 78377,78377,3547
ZCTA5 78379,78379,1624
ZCTA5 78380,78380,23386
ZCTA5 78382,78382,19432
ZCTA5 78383,78383,3757
ZCTA5 78384,78384,5653
ZCTA5 78385,78385,259
ZCTA5 78387,78387,9936
ZCTA5 78389,78389,1535
ZCTA5 78390,78390,5447
ZCTA5 78391,78391,261
ZCTA5 78393,78393,2137
ZCTA5 78401,78401,4701
ZCTA5 78402,78402,625
ZCTA5 78404,78404,15339
ZCTA5 78405,78405,14151
ZCTA5 78406,78406,1185
ZCTA5 78407,78407,1649
ZCTA5 78408,78408,11023
ZCTA5 78409,78409,2570
ZCTA5 78410,78410,29545
ZCTA5 78411,78411,26150
ZCTA5 78412,78412,38783
ZCTA5 78413,78413,37531
ZCTA5 78414,78414,46972
ZCTA5 78415,78415,38722
ZCTA5 78416,78416,14103
ZCTA5 78417,78417,4482
ZCTA5 78418,78418,31787
ZCTA5 78419,78419,441
ZCTA5 78501,78501,60817
ZCTA5 78503,78503,23604
ZCTA5 78504,78504,56830
ZCTA5 78516,78516,34506
ZCTA5 78520,78520,64949
ZCTA5 78521,78521,88708
ZCTA5 78526,78526,55164
ZCTA5 78535,78535,679
ZCTA5 78536,78536,322
ZCTA5 78537,78537,51962
ZCTA5 78538,78538,12278
ZCTA5 78539,78539,37686
ZCTA5 78540,78540,11
ZCTA5 78541,78541,48513
ZCTA5 78542,78542,84678
ZCTA5 78543,78543,7535
ZCTA5 78545,78545,762
ZCTA5 78547,78547,413
ZCTA5 78548,78548,1296
ZCTA5 78549,78549,872
ZCTA5 78550,78550,56038
ZCTA5 78552,78552,38474
ZCTA5 78557,78557,13986
ZCTA5 78558,78558,388
ZCTA5 78559,78559,12533
ZCTA5 78560,78560,4815
ZCTA5 78561,78561,768
ZCTA5 78562,78562,3081
ZCTA5 78563,78563,201
ZCTA5 78564,78564,103
ZCTA5 78565,78565,319
ZCTA5 78566,78566,23704
ZCTA5 78567,78567,544
ZCTA5 78569,78569,3821
ZCTA5 78570,78570,32950
ZCTA5 78572,78572,78280
ZCTA5 78573,78573,42229
ZCTA5 78574,78574,63627
ZCTA5 78575,78575,5270
ZCTA5 78576,78576,13901
ZCTA5 78577,78577,79937
ZCTA5 78578,78578,10076
ZCTA5 78579,78579,2637
ZCTA5 78580,78580,13208
ZCTA5 78582,78582,43253
ZCTA5 78583,78583,5869
ZCTA5 78584,78584,19373
ZCTA5 78585,78585,4
ZCTA5 78586,78586,50135
ZCTA5 78588,78588,168
ZCTA5 78589,78589,38987
ZCTA5 78590,78590,468
ZCTA5 78591,78591,341
ZCTA5 78592,78592,765
ZCTA5 78593,78593,5541
ZCTA5 78594,78594,1796
ZCTA5 78595,78595,6304
ZCTA5 78596,78596,37329
ZCTA5 78597,78597,2479
ZCTA5 78598,78598,319
ZCTA5 78599,78599,32500
ZCTA5 78602,78602,33759
ZCTA5 78605,78605,6246
ZCTA5 78606,78606,5875
ZCTA5 78607,78607,180
ZCTA5 78608,78608,519
ZCTA5 78609,78609,1827
ZCTA5 78610,78610,45134
ZCTA5 78611,78611,14839
ZCTA5 78612,78612,16265
ZCTA5 78613,78613,89279
ZCTA5 78614,78614,459
ZCTA5 78615,78615,1694
ZCTA5 78616,78616,11605
ZCTA5 78617,78617,28832
ZCTA5 78618,78618,256
ZCTA5 78619,78619,5819
ZCTA5 78620,78620,20493
ZCTA5 78621,78621,27275
ZCTA5 78622,78622,340
ZCTA5 78623,78623,1670
ZCTA5 78624,78624,23080
ZCTA5 78626,78626,39935
ZCTA5 78628,78628,40378
ZCTA5 78629,78629,12046
ZCTA5 78631,78631,2698
ZCTA5 78632,78632,990
ZCTA5 78633,78633,27736
ZCTA5 78634,78634,37951
ZCTA5 78635,78635,110
ZCTA5 78636,78636,3894
ZCTA5 78638,78638,2381
ZCTA5 78639,78639,8365
ZCTA5 78640,78640,64539
ZCTA5 78641,78641,83426
ZCTA5 78642,78642,20385
ZCTA5 78643,78643,6453
ZCTA5 78644,78644,20813
ZCTA5 78645,78645,14051
ZCTA5 78648,78648,8167
ZCTA5 78650,78650,1918
ZCTA5 78652,78652,5831
ZCTA5 78653,78653,31167
ZCTA5 78654,78654,19698
ZCTA5 78655,78655,2910
ZCTA5 78656,78656,2596
ZCTA5 78657,78657,6531
ZCTA5 78658,78658,69
ZCTA5 78659,78659,3911
ZCTA5 78660,78660,110955
ZCTA5 78661,78661,304
ZCTA5 78662,78662,2890
ZCTA5 78663,78663,815
ZCTA5 78664,78664,60287
ZCTA5 78665,78665,61577
ZCTA5 78666,78666,86584
ZCTA5 78669,78669,12415
ZCTA5 78670,78670,106
ZCTA5 78671,78671,624
ZCTA5 78672,78672,984
ZCTA5 78674,78674,287
ZCTA5 78675,78675,178
ZCTA5 78676,78676,14713
ZCTA5 78677,78677,55
ZCTA5 78681,78681,57503
ZCTA5 78701,78701,11625
ZCTA5 78702,78702,25910
ZCTA5 78703,78703,22194
ZCTA5 78704,78704,49197
ZCTA5 78705,78705,36535
ZCTA5 78712,78712,351
ZCTA5 78717,78717,36987
ZCTA5 78719,78719,2004
ZCTA5 78721,78721,11316
ZCTA5 78722,78722,6618
ZCTA5 78723,78723,34522
ZCTA5 78724,78724,29680
ZCTA5 78725,78725,10301
ZCTA5 78726,78726,15618
ZCTA5 78727,78727,29928
ZCTA5 78728,78728,25555
ZCTA5 78729,78729,31829
ZCTA5 78730,78730,9403
ZCTA5 78731,78731,27240
ZCTA5 78732,78732,19128
ZCTA5 78733,78733,9347
ZCTA5 78734,78734,22963
ZCTA5 78735,78735,20983
ZCTA5 78736,78736,10165
ZCTA5 78737,78737,20996
ZCTA5 78738,78738,29529
ZCTA5 78739,78739,21854
ZCTA5 78741,78741,49344
ZCTA5 78742,78742,964
ZCTA5 78744,78744,51048
ZCTA5 78745,78745,59843
ZCTA5 78746,78746,29106
ZCTA5 78747,78747,21891
ZCTA5 78748,78748,55226
ZCTA5 78749,78749,35239
ZCTA5 78750,78750,28348
ZCTA5 78751,78751,17071
ZCTA5 78752,78752,19289
ZCTA5 78753,78753,58761
ZCTA5 78754,78754,27020
ZCTA5 78756,78756,8426
ZCTA5 78757,78757,23847
ZCTA5 78758,78758,49831
ZCTA5 78759,78759,42333
ZCTA5 78801,78801,21051
ZCTA5 78802,78802,0
ZCTA5 78827,78827,863
ZCTA5 78828,78828,158
ZCTA5 78829,78829,858
ZCTA5 78830,78830,509
ZCTA5 78832,78832,3127
ZCTA5 78833,78833,817
ZCTA5 78834,78834,7061
ZCTA5 78836,78836,85
ZCTA5 78837,78837,216
ZCTA5 78838,78838,264
ZCTA5 78839,78839,7364
ZCTA5 78840,78840,47147
ZCTA5 78841,78841,1
ZCTA5 78842,78842,0
ZCTA5 78843,78843,168
ZCTA5 78850,78850,1075
ZCTA5 78851,78851,33
ZCTA5 78852,78852,56712
ZCTA5 78860,78860,237
ZCTA5 78861,78861,13298
ZCTA5 78870,78870,868
ZCTA5 78871,78871,23
ZCTA5 78872,78872,1491
ZCTA5 78873,78873,1559
ZCTA5 78877,78877,936
ZCTA5 78879,78879,307
ZCTA5 78880,78880,1254
ZCTA5 78881,78881,1853
ZCTA5 78883,78883,257
ZCTA5 78884,78884,949
ZCTA5 78885,78885,129
ZCTA5 78886,78886,463
ZCTA5 78931,78931,231
ZCTA5 78932,78932,897
ZCTA5 78933,78933,1531
ZCTA5 78934,78934,6770
ZCTA5 78935,78935,922
ZCTA5 78938,78938,289
ZCTA5 78940,78940,1974
ZCTA5 78941,78941,3006
ZCTA5 78942,78942,8973
ZCTA5 78943,78943,439
ZCTA5 78944,78944,532
ZCTA5 78945,78945,10483
ZCTA5 78946,78946,1093
ZCTA5 78947,78947,4828
ZCTA5 78948,78948,912
ZCTA5 78949,78949,529
ZCTA5 78950,78950,2151
ZCTA5 78951,78951,78
ZCTA5 78953,78953,1350
ZCTA5 78954,78954,1144
ZCTA5 78956,78956,5161
ZCTA5 78957,78957,10214
ZCTA5 78959,78959,1723
ZCTA5 78962,78962,4617
ZCTA5 78963,78963,988
ZCTA5 79001,79001,218
ZCTA5 79002,79002,26
ZCTA5 79003,79003,166
ZCTA5 79005,79005,1693
ZCTA5 79007,79007,13819
ZCTA5 79008,79008,0
ZCTA5 79009,79009,1931
ZCTA5 79010,79010,506
ZCTA5 79011,79011,253
ZCTA5 79012,79012,22
ZCTA5 79013,79013,2995
ZCTA5 79014,79014,3281
ZCTA5 79015,79015,21710
ZCTA5 79016,79016,668
ZCTA5 79018,79018,508
ZCTA5 79019,79019,1713
ZCTA5 79021,79021,80
ZCTA5 79022,79022,10835
ZCTA5 79024,79024,388
ZCTA5 79025,79025,73
ZCTA5 79027,79027,4899
ZCTA5 79029,79029,16230
ZCTA5 79031,79031,1188
ZCTA5 79032,79032,125
ZCTA5 79033,79033,97
ZCTA5 79034,79034,521
ZCTA5 79035,79035,5266
ZCTA5 79036,79036,4643
ZCTA5 79039,79039,772
ZCTA5 79040,79040,1685
ZCTA5 79041,79041,2880
ZCTA5 79042,79042,1190
ZCTA5 79043,79043,1278
ZCTA5 79044,79044,517
ZCTA5 79045,79045,18621
ZCTA5 79046,79046,451
ZCTA5 79051,79051,22
ZCTA5 79052,79052,1102
ZCTA5 79053,79053,92
ZCTA5 79054,79054,505
ZCTA5 79056,79056,93
ZCTA5 79057,79057,966
ZCTA5 79058,79058,51
ZCTA5 79059,79059,764
ZCTA5 79061,79061,275
ZCTA5 79062,79062,227
ZCTA5 79063,79063,667
ZCTA5 79064,79064,2456
ZCTA5 79065,79065,19750
ZCTA5 79066,79066,5
ZCTA5 79068,79068,3054
ZCTA5 79070,79070,9671
ZCTA5 79072,79072,25590
ZCTA5 79073,79073,4
ZCTA5 79078,79078,333
ZCTA5 79079,79079,2461
ZCTA5 79080,79080,528
ZCTA5 79081,79081,3742
ZCTA5 79082,79082,342
ZCTA5 79083,79083,2321
ZCTA5 79084,79084,2236
ZCTA5 79085,79085,34
ZCTA5 79086,79086,2122
ZCTA5 79087,79087,720
ZCTA5 79088,79088,5331
ZCTA5 79091,79091,117
ZCTA5 79092,79092,1121
ZCTA5 79093,79093,70
ZCTA5 79094,79094,25
ZCTA5 79095,79095,2293
ZCTA5 79096,79096,2033
ZCTA5 79097,79097,1093
ZCTA5 79098,79098,526
ZCTA5 79101,79101,2307
ZCTA5 79102,79102,9252
ZCTA5 79103,79103,10532
ZCTA5 79104,79104,7166
ZCTA5 79106,79106,27692
ZCTA5 79107,79107,37480
ZCTA5 79108,79108,12117
ZCTA5 79109,79109,42509
ZCTA5 79110,79110,18285
ZCTA5 79111,79111,1612
ZCTA5 79118,79118,27608
ZCTA5 79119,79119,21147
ZCTA5 79121,79121,6601
ZCTA5 79124,79124,11585
ZCTA5 79201,79201,6702
ZCTA5 79220,79220,115
ZCTA5 79223,79223,17
ZCTA5 79225,79225,774
ZCTA5 79226,79226,2858
ZCTA5 79227,79227,1143
ZCTA5 79229,79229,361
ZCTA5 79230,79230,149
ZCTA5 79231,79231,40
ZCTA5 79233,79233,146
ZCTA5 79234,79234,96
ZCTA5 79235,79235,3296
ZCTA5 79236,79236,202
ZCTA5 79237,79237,405
ZCTA5 79239,79239,103
ZCTA5 79240,79240,62
ZCTA5 79241,79241,2014
ZCTA5 79243,79243,81
ZCTA5 79244,79244,649
ZCTA5 79245,79245,2192
ZCTA5 79247,79247,54
ZCTA5 79248,79248,1367
ZCTA5 79250,79250,1281
ZCTA5 79251,79251,59
ZCTA5 79252,79252,2847
ZCTA5 79255,79255,477
ZCTA5 79256,79256,287
ZCTA5 79257,79257,948
ZCTA5 79258,79258,20
ZCTA5 79259,79259,48
ZCTA5 79261,79261,384
ZCTA5 79311,79311,3479
ZCTA5 79312,79312,934
ZCTA5 79313,79313,1394
ZCTA5 79314,79314,61
ZCTA5 79316,79316,10619
ZCTA5 79322,79322,1720
ZCTA5 79323,79323,6541
ZCTA5 79324,79324,50
ZCTA5 79325,79325,2283
ZCTA5 79326,79326,22
ZCTA5 79329,79329,3214
ZCTA5 79330,79330,169
ZCTA5 79331,79331,11825
ZCTA5 79336,79336,15953
ZCTA5 79339,79339,6744
ZCTA5 79342,79342,322
ZCTA5 79343,79343,1325
ZCTA5 79344,79344,2
ZCTA5 79345,79345,857
ZCTA5 79346,79346,2095
ZCTA5 79347,79347,7169
ZCTA5 79350,79350,341
ZCTA5 79351,79351,1061
ZCTA5 79353,79353,38
ZCTA5 79355,79355,1867
ZCTA5 79356,79356,5695
ZCTA5 79357,79357,1972
ZCTA5 79358,79358,1335
ZCTA5 79359,79359,2800
ZCTA5 79360,79360,17803
ZCTA5 79363,79363,6259
ZCTA5 79364,79364,7985
ZCTA5 79366,79366,1189
ZCTA5 79367,79367,594
ZCTA5 79369,79369,83
ZCTA5 79370,79370,1417
ZCTA5 79371,79371,1331
ZCTA5 79372,79372,1247
ZCTA5 79373,79373,3068
ZCTA5 79376,79376,64
ZCTA5 79377,79377,276
ZCTA5 79378,79378,241
ZCTA5 79379,79379,448
ZCTA5 79380,79380,119
ZCTA5 79381,79381,1297
ZCTA5 79382,79382,8449
ZCTA5 79383,79383,75
ZCTA5 79401,79401,8775
ZCTA5 79402,79402,0
ZCTA5 79403,79403,15604
ZCTA5 79404,79404,9956
ZCTA5 79406,79406,6848
ZCTA5 79407,79407,23208
ZCTA5 79410,79410,8615
ZCTA5 79411,79411,7297
ZCTA5 79412,79412,14834
ZCTA5 79413,79413,20962
ZCTA5 79414,79414,17537
ZCTA5 79415,79415,17499
ZCTA5 79416,79416,36251
ZCTA5 79423,79423,42311
ZCTA5 79424,79424,53479
ZCTA5 79501,79501,3594
ZCTA5 79502,79502,1087
ZCTA5 79503,79503,224
ZCTA5 79504,79504,2980
ZCTA5 79505,79505,223
ZCTA5 79506,79506,653
ZCTA5 79508,79508,1256
ZCTA5 79510,79510,7985
ZCTA5 79511,79511,1182
ZCTA5 79512,79512,7974
ZCTA5 79517,79517,212
ZCTA5 79518,79518,107
ZCTA5 79519,79519,70
ZCTA5 79520,79520,2169
ZCTA5 79521,79521,3672
ZCTA5 79525,79525,2902
ZCTA5 79526,79526,1071
ZCTA5 79527,79527,360
ZCTA5 79528,79528,595
ZCTA5 79529,79529,1272
ZCTA5 79530,79530,587
ZCTA5 79532,79532,796
ZCTA5 79533,79533,417
ZCTA5 79534,79534,208
ZCTA5 79535,79535,165
ZCTA5 79536,79536,5133
ZCTA5 79537,79537,69
ZCTA5 79538,79538,243
ZCTA5 79539,79539,151
ZCTA5 79540,79540,101
ZCTA5 79541,79541,943
ZCTA5 79543,79543,1005
ZCTA5 79544,79544,434
ZCTA5 79545,79545,1772
ZCTA5 79546,79546,1798
ZCTA5 79547,79547,666
ZCTA5 79548,79548,165
ZCTA5 79549,79549,15456
ZCTA5 79553,79553,3202
ZCTA5 79556,79556,12644
ZCTA5 79560,79560,143
ZCTA5 79561,79561,674
ZCTA5 79562,79562,5264
ZCTA5 79563,79563,1152
ZCTA5 79565,79565,252
ZCTA5 79566,79566,245
ZCTA5 79567,79567,3113
ZCTA5 79601,79601,26515
ZCTA5 79602,79602,25389
ZCTA5 79603,79603,23746
ZCTA5 79605,79605,30239
ZCTA5 79606,79606,27818
ZCTA5 79607,79607,2983
ZCTA5 79699,79699,169
ZCTA5 79701,79701,29748
ZCTA5 79703,79703,21205
ZCTA5 79705,79705,44138
ZCTA5 79706,79706,31805
ZCTA5 79707,79707,37632
ZCTA5 79713,79713,592
ZCTA5 79714,79714,18588
ZCTA5 79718,79718,668
ZCTA5 79719,79719,300
ZCTA5 79720,79720,31948
ZCTA5 79721,79721,1660
ZCTA5 79730,79730,218
ZCTA5 79731,79731,4496
ZCTA5 79733,79733,225
ZCTA5 79734,79734,1811
ZCTA5 79735,79735,13088
ZCTA5 79738,79738,295
ZCTA5 79739,79739,885
ZCTA5 79741,79741,298
ZCTA5 79742,79742,457
ZCTA5 79743,79743,324
ZCTA5 79744,79744,1164
ZCTA5 79745,79745,6857
ZCTA5 79748,79748,103
ZCTA5 79749,79749,379
ZCTA5 79752,79752,2226
ZCTA5 79754,79754,57
ZCTA5 79755,79755,160
ZCTA5 79756,79756,10318
ZCTA5 79758,79758,2898
ZCTA5 79759,79759,81
ZCTA5 79761,79761,30187
ZCTA5 79762,79762,40253
ZCTA5 79763,79763,39767
ZCTA5 79764,79764,26271
ZCTA5 79765,79765,21163
ZCTA5 79766,79766,9688
ZCTA5 79769,79769,13
ZCTA5 79770,79770,38
ZCTA5 79772,79772,13867
ZCTA5 79776,79776,3
ZCTA5 79777,79777,105
ZCTA5 79778,79778,892
ZCTA5 79780,79780,101
ZCTA5 79781,79781,222
ZCTA5 79782,79782,4641
ZCTA5 79783,79783,142
ZCTA5 79785,79785,68
ZCTA5 79788,79788,438
ZCTA5 79789,79789,927
ZCTA5 79821,79821,6416
ZCTA5 79830,79830,7621
ZCTA5 79832,79832,471
ZCTA5 79834,79834,150
ZCTA5 79835,79835,12456
ZCTA5 79836,79836,7217
ZCTA5 79837,79837,389
ZCTA5 79838,79838,7895
ZCTA5 79839,79839,1113
ZCTA5 79842,79842,445
ZCTA5 79843,79843,2275
ZCTA5 79845,79845,3717
ZCTA5 79846,79846,49
ZCTA5 79847,79847,151
ZCTA5 79848,79848,696
ZCTA5 79849,79849,14310
ZCTA5 79851,79851,1339
ZCTA5 79852,79852,712
ZCTA5 79853,79853,3638
ZCTA5 79854,79854,163
ZCTA5 79855,79855,2071
ZCTA5 79901,79901,10027
ZCTA5 79902,79902,20071
ZCTA5 79903,79903,16425
ZCTA5 79904,79904,31491
ZCTA5 79905,79905,22483
ZCTA5 79906,79906,5336
ZCTA5 79907,79907,50971
ZCTA5 79908,79908,3583
ZCTA5 79911,79911,8023
ZCTA5 79912,79912,78652
ZCTA5 79915,79915,35234
ZCTA5 79916,79916,3800
ZCTA5 79918,79918,362
ZCTA5 79920,79920,51
ZCTA5 79922,79922,8133
ZCTA5 79924,79924,58721
ZCTA5 79925,79925,38422
ZCTA5 79927,79927,40290
ZCTA5 79928,79928,78971
ZCTA5 79930,79930,24553
ZCTA5 79932,79932,29996
ZCTA5 79934,79934,29386
ZCTA5 79935,79935,17534
ZCTA5 79936,79936,105150
ZCTA5 79938,79938,96353
ZCTA5 88430,88430,90
